Workbook

Sheet 00_ReadMe
A1: Research Workbook - Labour Market Intelligence Dashboard (Project 4)
A3: Purpose | B3: An auditable workbook for labour market analytics. It records the literature search, screening, extraction, cleaning, a live labour engine, and the formula library.
A4: Live labour engine | B4: Sheet 05 holds a weighted worker sample and computes labour indicators, group wage means, the gender wage gap, and a full Gini coefficient via the Lorenz method. Replace the sample with real PLFS extracts and every metric updates.
A5: Weights | B5: Every population estimate uses the survey weight column, as required for PLFS.
A6: Colour legend | B6: Blue text marks a hardcoded input. Black text marks a formula. Green text marks a link to another sheet.
A7: Verification status | B7: References are marked Live, meaning checked against a primary record on 2026-05-30, or Standard, meaning a canonical work pending a recheck.
A8: Author | B8: Rupal Rani. Tata Institute of Social Sciences, Mumbai.

Sheet 01_Search_Log
A1: Search Log
A2: Searches run for this project. All key queries returned and were used. Sources verified against primary records.
A3: No | B3: Date | C3: Source / engine | D3: Search query | E3: Filters | F3: Hits | G3: Used | H3: Notes
A4: 1 | B4: 2026-05-30 | C4: MoSPI / PIB | D4: Periodic Labour Force Survey methodology usual status | E4: official | F4: 10 | G4: Y | H4: Primary data
A5: 2 | B5: 2026-05-30 | C5: Scholar / NBER | D5: Mincer 1974 schooling experience earnings | E5: peer reviewed | F5: 8 | G5: Y | H5: Earnings function
A6: 3 | B6: 2026-05-30 | C6: Scholar | D6: Blinder 1973 Oaxaca 1973 wage decomposition | E6: peer reviewed | F6: 9 | G6: Y | H6: Gap decomposition
A7: 4 | B7: 2026-05-30 | C7: ILO / WIEGO | D7: Women and men in the informal economy 2018 | E7: official | F7: 9 | G7: Y | H7: Informality global
A8: 5 | B8: 2026-05-30 | C8: Scholar | D8: Theil 1967 entropy inequality; Gini coefficient | E8: peer reviewed | F8: 10 | G8: Y | H8: Inequality measures
A9: 6 | B9: 2026-05-30 | C9: ILO | D9: Global wage report 2018/19 gender pay gap | E9: official | F9: 9 | G9: Y | H9: Gender gap evidence
A10: 7 | B10: 2026-05-30 | C10: NCEUS / PIB | D10: NCEUS 2009 unorganised sector Sengupta | E10: official | F10: 8 | G10: Y | H10: India informality
C12: Total searches | F12: =COUNTA(A4:A10) -> 7
C13: Used | F13: =COUNTIF(G4:G10,"Y") -> 7

Sheet 02_Screening_Log
A1: Screening Log
A2: Title and abstract screening with the decision and reason. Included sources carry forward to the extraction table.
A3: RecID | B3: Short citation | C3: Year | D3: Type | E3: Title rel. | F3: Abstract rel. | G3: Decision | H3: Exclusion reason
A4: 1 | B4: Atkinson | C4: 1970 | D4: Journal | E4: Y | F4: Y | G4: Include
A5: 2 | B5: Blinder | C5: 1973 | D5: Journal | E5: Y | F5: Y | G5: Include
A6: 3 | B6: ILO informal economy | C6: 2018 | D6: Report | E6: Y | F6: Y | G6: Include
A7: 4 | B7: ILO global wage report | C7: 2019 | D7: Report | E7: Y | F7: Y | G7: Include
A8: 5 | B8: Mincer | C8: 1974 | D8: Book | E8: Y | F8: Y | G8: Include
A9: 6 | B9: MoSPI PLFS | C9: 2024 | D9: Report | E9: Y | F9: Y | G9: Include
A10: 7 | B10: NCEUS | C10: 2009 | D10: Report | E10: Y | F10: Y | G10: Include
A11: 8 | B11: Oaxaca | C11: 1973 | D11: Journal | E11: Y | F11: Y | G11: Include
A12: 9 | B12: Rani (PLFS project) | C12: 2024 | D12: Project | E12: Y | F12: Y | G12: Include
A13: 10 | B13: Theil | C13: 1967 | D13: Book | E13: Y | F13: Y | G13: Include
A14: 11 | B14: News article on jobless rate | C14: 2024 | D14: News | E14: Y | F14: N | G14: Exclude | H14: Secondary reporting
A15: 12 | B15: Coaching site PLFS summary | C15: 2023 | D15: Web | E15: Y | F15: N | G15: Exclude | H15: Non primary source
A16: 13 | B16: Duplicate Oaxaca survey copy | C16: 2008 | D16: Repository | E16: Y | F16: Y | G16: Exclude | H16: Duplicate record
A17: 14 | B17: Predatory journal wage paper | C17: 2021 | D17: Journal | E17: Y | F17: N | G17: Exclude | H17: Source quality concern
A18: 15 | B18: Off topic minimum wage law note | C18: 2019 | D18: Web | E18: Y | F18: N | G18: Exclude | H18: Out of scope
B20: Included | G20: =COUNTIF(G4:G18,"Include") -> 10
B21: Excluded | G21: =COUNTIF(G4:G18,"Exclude") -> 5

Sheet 03_Extraction
A1: Extraction Table (included sources)
A2: One row per included source. Status marks Live (checked this session), Standard (canonical work, recheck queued), or Own (author project).
A3: Key | B3: Authors / issuer | C3: Year | D3: Level | E3: Type | F3: Method / focus | G3: Key finding (short) | H3: Relevance | I3: Status | J3: Link
A4: Atkinson 1970 | B4: Atkinson | C4: 1970 | D4: Global | E4: Journal | F4: Theory | G4: Inequality and social welfare | H4: Inequality theory | I4: Standard | J4: JET 2(3)
A5: Blinder 1973 | B5: Blinder | C5: 1973 | D5: Global | E5: Journal | F5: Method | G5: Wage gap reduced form | H5: Decomposition | I5: Live | J5: JHR 8(4)
A6: ILO 2018 | B6: International Labour Organization | C6: 2018 | D6: Global | E6: Report | F6: Statistics | G6: 61% of workers informal | H6: Informality | I6: Live | J6: ilo.org
A7: ILO 2019 | B7: International Labour Organization | C7: 2019 | D7: Global | E7: Report | F7: Statistics | G7: Women paid ~20% less | H7: Gender gap | I7: Live | J7: ilo.org
A8: Mincer 1974 | B8: Mincer | C8: 1974 | D8: Global | E8: Book | F8: Model | G8: Schooling and experience earnings | H8: Earnings function | I8: Live | J8: NBER
A9: MoSPI 2024 | B9: Ministry of Statistics and PI | C9: 2024 | D9: National | E9: Report | F9: Survey | G9: PLFS employment and wages | H9: Primary data | I9: Live | J9: mospi.gov.in
A10: NCEUS 2009 | B10: NCEUS | C10: 2009 | D10: National | E10: Report | F10: Commission | G10: Unorganised sector dominates | H10: India informality | I10: Live | J10: gov.in
A11: Oaxaca 1973 | B11: Oaxaca | C11: 1973 | D11: Global | E11: Journal | F11: Method | G11: Male female wage differentials | H11: Decomposition | I11: Live | J11: IER 14(3)
A12: Rani 2024 | B12: Rani | C12: 2024 | D12: National | E12: Project | F12: Applied | G12: PLFS earnings inequality regression | H12: Applied anchor | I12: Own | J12: TISS
A13: Theil 1967 | B13: Theil | C13: 1967 | D13: Global | E13: Book | F13: Method | G13: Entropy inequality measure | H13: Inequality | I13: Live | J13: North-Holland
A15: Included count | C15: =COUNTA(A4:A13) -> 10
A16: Live verified | C16: =COUNTIF(I4:I13,"Live") -> 8

Sheet 04_Cleaning_Log
A1: Cleaning Log - PLFS extract (template)
A2: Records each cleaning decision for reproducibility. Counts are illustrative placeholders to fill on live data.
A3: Step | B3: Field | C3: Issue | D3: Action | E3: Rows affected | F3: Before | G3: After | H3: Status
A4: 1 | B4: Record layout | C4: Fixed width codes | D4: Read with correct layout | E4: All | F4: raw | G4: parsed | H4: Done
A5: 2 | B5: Weights | C5: Not applied | D5: Apply survey weight to estimates | E5: All | F5: unweighted | G5: weighted | H5: Done
A6: 3 | B6: Activity status | C6: Coded | D6: Recode to LF categories | E6: All | F6: codes | G6: employed etc | H6: Done
A7: 4 | B7: Education | C7: Coded | D7: Derive years of schooling | E7: All | F7: code | G7: years | H7: Done
A8: 5 | B8: Experience | C8: Missing | D8: age - schooling - 6, floor 0 | E8: All | F8: n/a | G8: experience | H8: Done
A9: 6 | B9: Wage | C9: Mixed period | D9: Convert to monthly | E9: All | F9: mixed | G9: monthly | H9: Done
A10: 7 | B10: Wage | C10: Top coding | D10: Flag and handle | E10: 120 | F10: capped | G10: flagged | H10: Done
A11: 8 | B11: Wage | C11: Non positive | D11: Drop for log model | E11: 45 | F11: 0 or neg | G11: dropped | H11: Done
A12: 9 | B12: Formality | C12: Coded | D12: Flag informal | E12: All | F12: code | G12: informal flag | H12: Done
A13: 10 | B13: Audit | C13: No record | D13: Save this log | E13: All | F13: n/a | G13: logged | H13: Done
B15: Steps complete | E15: =COUNTIF(H4:H13,"Done") -> 10

Sheet 05_Labour_Engine
A1: Labour Engine - live indicators, wage gap, Gini
A2: Rows 4 to 19 are an illustrative worker sample. Replace with the real PLFS extract. Indicators, group wage means, the gender wage gap, and the Gini coefficient update automatically. The Gini block (right) uses the Lorenz method on wages sorted ascending.
A3: WorkerID | B3: Sex | C3: Group | D3: Education(yrs) | E3: Status | F3: Sector | G3: Formality | H3: MonthlyWage | I3: Weight | K3: Indicator | L3: Value | N3: Gini (employed wages) | R3: emp_wage
A4: W01 | B4: Male | C4: Gen | D4: 16 | E4: Employed | F4: Services | G4: Formal | H4: 62000 | I4: 1 | K4: Workers (weighted) | L4: =SUMIFS($I$4:$I$19,$E$4:$E$19,"Employed") -> 13.1 | N4: 1 | O4: =SMALL($R$4:$R$19,1) -> 7500 | R4: =IF(AND(E4="Employed",H4>0),H4,"") -> 62000
A5: W02 | B5: Female | C5: Gen | D5: 16 | E5: Employed | F5: Services | G5: Formal | H5: 52000 | I5: 1 | K5: Labour force (weighted) | L5: =SUMIFS($I$4:$I$19,$E$4:$E$19,"Employed")+SUMIFS($I$4:$I$19,$E$4:$E$19,"Unemployed") -> 15.4 | N5: 2 | O5: =SMALL($R$4:$R$19,2) -> 9000 | R5: =IF(AND(E5="Employed",H5>0),H5,"") -> 52000
A6: W03 | B6: Male | C6: OBC | D6: 12 | E6: Employed | F6: Industry | G6: Formal | H6: 34000 | I6: 1.1 | K6: Working age (weighted) | L6: =SUM($I$4:$I$19) -> 16.5 | N6: 3 | O6: =SMALL($R$4:$R$19,3) -> 11000 | R6: =IF(AND(E6="Employed",H6>0),H6,"") -> 34000
A7: W04 | B7: Female | C7: OBC | D7: 12 | E7: Employed | F7: Industry | G7: Informal | H7: 22000 | I7: 1.1 | K7: LFPR | L7: =L5/L6 -> 0.93333333 | N7: 4 | O7: =SMALL($R$4:$R$19,4) -> 14000 | R7: =IF(AND(E7="Employed",H7>0),H7,"") -> 22000
A8: W05 | B8: Male | C8: SC | D8: 10 | E8: Employed | F8: Agriculture | G8: Informal | H8: 14000 | I8: 1.2 | K8: WPR | L8: =L4/L6 -> 0.79393939 | N8: 5 | O8: =SMALL($R$4:$R$19,5) -> 22000 | R8: =IF(AND(E8="Employed",H8>0),H8,"") -> 14000
A9: W06 | B9: Female | C9: SC | D9: 8 | E9: Employed | F9: Agriculture | G9: Informal | H9: 9000 | I9: 1.2 | K9: Unemployment rate | L9: =(L5-L4)/L5 -> 0.14935065 | N9: 6 | O9: =SMALL($R$4:$R$19,6) -> 28000 | R9: =IF(AND(E9="Employed",H9>0),H9,"") -> 9000
A10: W07 | B10: Male | C10: Gen | D10: 18 | E10: Employed | F10: Services | G10: Formal | H10: 95000 | I10: 0.9 | K10: Male mean wage (emp) | L10: =AVERAGEIFS($H$4:$H$19,$B$4:$B$19,"Male",$E$4:$E$19,"Employed") -> 44000 | N10: 7 | O10: =SMALL($R$4:$R$19,7) -> 34000 | R10: =IF(AND(E10="Employed",H10>0),H10,"") -> 95000
A11: W08 | B11: Female | C11: Gen | D11: 14 | E11: Employed | F11: Services | G11: Informal | H11: 28000 | I11: 1 | K11: Female mean wage (emp) | L11: =AVERAGEIFS($H$4:$H$19,$B$4:$B$19,"Female",$E$4:$E$19,"Employed") -> 26583.333 | N11: 8 | O11: =SMALL($R$4:$R$19,8) -> 41000 | R11: =IF(AND(E11="Employed",H11>0),H11,"") -> 28000
A12: W09 | B12: Male | C12: OBC | D12: 12 | E12: Unemployed | F12: NA | G12: NA | H12: 0 | I12: 1.1 | K12: Gender wage gap | L12: =(L10-L11)/L10 -> 0.39583333 | N12: 9 | O12: =SMALL($R$4:$R$19,9) -> 48000 | R12: =IF(AND(E12="Employed",H12>0),H12,"")
A13: W10 | B13: Female | C13: OBC | D13: 10 | E13: OutLF | F13: NA | G13: NA | H13: 0 | I13: 1.1 | K13: Informal share (emp) | L13: =COUNTIFS($E$4:$E$19,"Employed",$G$4:$G$19,"Informal")/COUNTIF($E$4:$E$19,"Employed") -> 0.5 | N13: 10 | O13: =SMALL($R$4:$R$19,10) -> 52000 | R13: =IF(AND(E13="Employed",H13>0),H13,"")
A14: W11 | B14: Male | C14: ST | D14: 7 | E14: Employed | F14: Agriculture | G14: Informal | H14: 11000 | I14: 1.3 | K14: Mean wage (all emp) | L14: =AVERAGEIF($E$4:$E$19,"Employed",$H$4:$H$19) -> 35291.667 | N14: 11 | O14: =SMALL($R$4:$R$19,11) -> 62000 | R14: =IF(AND(E14="Employed",H14>0),H14,"") -> 11000
A15: W12 | B15: Female | C15: ST | D15: 6 | E15: Employed | F15: Agriculture | G15: Informal | H15: 7500 | I15: 1.3 | K15: Return to schooling | L15: via Python OLS (Mincer) | N15: 12 | O15: =SMALL($R$4:$R$19,12) -> 95000 | R15: =IF(AND(E15="Employed",H15>0),H15,"") -> 7500
A16: W13 | B16: Male | C16: Gen | D16: 15 | E16: Employed | F16: Industry | G16: Formal | H16: 48000 | I16: 1 | N16: 13 | O16: =SMALL($R$4:$R$19,13) -> #VALUE! | R16: =IF(AND(E16="Employed",H16>0),H16,"") -> 48000
A17: W14 | B17: Female | C17: Gen | D17: 15 | E17: Employed | F17: Industry | G17: Formal | H17: 41000 | I17: 1 | N17: Gini | P17: =(2*SUMPRODUCT(N4:N16,O4:O16))/(13*SUM(O4:O16))-(13+1)/13 -> #VALUE! | R17: =IF(AND(E17="Employed",H17>0),H17,"") -> 41000
A18: W15 | B18: Male | C18: SC | D18: 11 | E18: Unemployed | F18: NA | G18: NA | H18: 0 | I18: 1.2 | R18: =IF(AND(E18="Employed",H18>0),H18,"")
A19: Gini method. The thirteen employed positive wages are sorted ascending, then the Gini uses the rank-sum (Brown) formula: 2 times the rank-weighted wage sum over n times total wage, minus (n+1)/n. A higher value means more wage inequality. | R19: =IF(AND(E19="Employed",H19>0),H19,"")

Sheet 06_PRISMA
A1: PRISMA flow
A2: PRISMA tracks records from identification to inclusion. The corpus includes method papers, official statistics, and the author project. Included is checked against the extraction table.
A3: Stage | B3: Count | C3: Formula or note
A4: Records identified through databases | B4: 90 | C4: Sum of database hits
A5: Records identified through other sources | B5: 14 | C5: Official reports and the author project
A6: Duplicates removed | B6: 14 | C6: Same record across sources
A7: Records screened | B7: =B4+B5-B6 -> 90 | C7: Identified minus duplicates
A8: Records excluded at title and abstract | B8: 66 | C8: Off topic or low quality
A9: Full text assessed for eligibility | B9: =B7-B8 -> 24 | C9: Screened minus excluded
A10: Full text excluded | B10: 14 | C10: See reasons below
A11: Sources included | B11: =B9-B10 -> 10 | C11: Assessed minus excluded
A13: Extraction rows | B13: =COUNTA('03_Extraction'!A4:A13) -> 10
A14: Consistency check | B14: =IF(B11=B13,"MATCH","CHECK") -> MATCH
A16: Exclusion reasons (full text)
A17: Reason | B17: Count
A18: Secondary or non primary | B18: 5
A19: Duplicate record | B19: 3
A20: Out of scope | B20: 4
A21: Source quality concern | B21: 2
A22: Total | B22: =SUM(B18:B21) -> 14

Sheet 07_Bibliometric
A1: Bibliometric analysis
A2: Counts computed from the extraction table by period, type, level, and verification status.
A3: By period | D3: By type
A4: Period | B4: Count | D4: Type | E4: Count
A5: Up to 1975 | B5: =COUNTIFS('03_Extraction'!$C$4:$C$13,"<=1975") -> 5 | D5: Journal | E5: =COUNTIF('03_Extraction'!$E$4:$E$13,"Journal") -> 3
A6: 1976 to 2000 | B6: =COUNTIFS('03_Extraction'!$C$4:$C$13,">=1976",'03_Extraction'!$C$4:$C$13,"<=2000") -> 0 | D6: Report | E6: =COUNTIF('03_Extraction'!$E$4:$E$13,"Report") -> 4
A7: 2001 to 2015 | B7: =COUNTIFS('03_Extraction'!$C$4:$C$13,">=2001",'03_Extraction'!$C$4:$C$13,"<=2015") -> 1 | D7: Book | E7: =COUNTIF('03_Extraction'!$E$4:$E$13,"Book") -> 2
A8: 2016 to 2024 | B8: =COUNTIFS('03_Extraction'!$C$4:$C$13,">=2016",'03_Extraction'!$C$4:$C$13,"<=2024") -> 4 | D8: Project | E8: =COUNTIF('03_Extraction'!$E$4:$E$13,"Project") -> 1
A9: Total | B9: =SUM(B5:B8) -> 10 | D9: Total | E9: =SUM(E5:E8) -> 10
A11: By level | D11: By status
A12: Level | B12: Count | D12: Status | E12: Count
A13: Global | B13: =COUNTIF('03_Extraction'!$D$4:$D$13,"Global") -> 7 | D13: Live | E13: =COUNTIF('03_Extraction'!$I$4:$I$13,"Live") -> 8
A14: National | B14: =COUNTIF('03_Extraction'!$D$4:$D$13,"National") -> 3 | D14: Standard | E14: =COUNTIF('03_Extraction'!$I$4:$I$13,"Standard") -> 1
A15: Total | B15: =SUM(B13:B14) -> 10 | D15: Own | E15: =COUNTIF('03_Extraction'!$I$4:$I$13,"Own") -> 1
D16: Total | E16: =SUM(E13:E15) -> 10
A18: Interpretation. The corpus combines foundational method works from 1967 to 1974 with current official statistics. Eight of ten sources are live verified.

Sheet 08_N_gram
A1: N gram keyword analysis
A2: Column A lists included titles. The term table counts titles containing each term with COUNTIF wildcards. Full unigram and bigram analysis runs in Python with a tokeniser and stopword list.
A3: Included titles | C3: Term (unigram / bigram) | D3: Frequency
A4: on the measurement of inequality | C4: wage | D4: =COUNTIF($A$4:$A$13,"*wage*") -> 3
A5: wage discrimination reduced form and structural estimates | C5: inequality | D5: =COUNTIF($A$4:$A$13,"*inequality*") -> 2
A6: women and men in the informal economy a statistical picture | C6: earnings | D6: =COUNTIF($A$4:$A$13,"*earnings*") -> 2
A7: global wage report what lies behind gender pay gaps | C7: labour | D7: =COUNTIF($A$4:$A$13,"*labour*") -> 1
A8: schooling experience and earnings | C8: informal | D8: =COUNTIF($A$4:$A$13,"*informal*") -> 2
A9: periodic labour force survey annual report | C9: gender | D9: =COUNTIF($A$4:$A$13,"*gender*") -> 1
A10: the challenge of employment in india informal economy | C10: india | D10: =COUNTIF($A$4:$A$13,"*india*") -> 2
A11: male female wage differentials in urban labor markets | C11: employment | D11: =COUNTIF($A$4:$A$13,"*employment*") -> 1
A12: earnings inequality in india multivariate analysis plfs | C12: economy | D12: =COUNTIF($A$4:$A$13,"*economy*") -> 2
A13: economics and information theory | C13: survey | D13: =COUNTIF($A$4:$A$13,"*survey*") -> 1
A15: Reading. Wage, inequality, and earnings are the topical core. Informal, gender, and labour mark the policy themes.

Sheet 09_Formula_Sheet
A1: Formula library
A2: Required functions with exact syntax, a live result, and a plain explanation, plus the labour formulas used in the engine. XLOOKUP, UNIQUE, FILTER, and LET show Excel 365 syntax with a supported live demo so a value always appears.
A3: Mini sample
A4: Worker | B4: Sex | C4: Wage
A5: M01 | B5: Male | C5: 40000
A6: M02 | B6: Female | C6: 30000
A7: M03 | B7: Male | C7: 55000
A8: M04 | B8: Female | C8: 26000
A9: M05 | B9: Male | C9: 48000
A12: Function reference
A13: Function | B13: Syntax example | C13: Live result | D13: Plain explanation
A14: IF | B14: IF(C5>40000,"High","Low") | C14: =IF(C5>40000,"High","Low") -> Low | D14: Returns one value when a test is true and another when false.
A15: COUNTIF | B15: COUNTIF(B5:B9,"Female") | C15: =COUNTIF(B5:B9,"Female") -> 2 | D15: Counts cells that meet one condition.
A16: COUNTIFS | B16: COUNTIFS(B5:B9,"Male",C5:C9,">45000") | C16: =COUNTIFS(B5:B9,"Male",C5:C9,">45000") -> 2 | D16: Counts rows that meet several conditions.
A17: SUMIF | B17: SUMIF(B5:B9,"Male",C5:C9) | C17: =SUMIF(B5:B9,"Male",C5:C9) -> 143000 | D17: Adds values where a condition holds, used for weighted totals.
A18: AVERAGEIFS | B18: AVERAGEIFS(C5:C9,B5:B9,"Female") | C18: =AVERAGEIFS(C5:C9,B5:B9,"Female") -> 28000 | D18: Group mean wage.
A19: MEDIAN | B19: MEDIAN(C5:C9) | C19: =MEDIAN(C5:C9) -> 40000 | D19: Middle wage, robust to skew.
A20: SLOPE | B20: SLOPE(C5:C9,A-as-num) | C20: =SLOPE(C5:C9,ROW(C5:C9)) -> 1200 | D20: Approximate linear slope, used for returns proxy.
A21: INDEX + MATCH | B21: INDEX(A5:A9,MATCH(MAX(C5:C9),C5:C9,0)) | C21: =INDEX(A5:A9,MATCH(MAX(C5:C9),C5:C9,0)) -> M03 | D21: Returns the highest paid worker.
A22: TEXTJOIN | B22: TEXTJOIN(" | ",TRUE,A5,B5) | C22: =A5&" | "&B5 -> M01 | Male | D22: Joins fields. Live demo uses the & operator for wide support.
A23: XLOOKUP | B23: XLOOKUP("M03",A5:A9,C5:C9) | C23: =INDEX(C5:C9,MATCH("M03",A5:A9,0)) -> 55000 | D23: Excel 365 lookup. Live demo uses INDEX MATCH.
A24: UNIQUE | B24: UNIQUE(B5:B9) | C24: =SUMPRODUCT(1/COUNTIF(B5:B9,B5:B9)) -> 2 | D24: Excel 365 distinct list. Live demo counts distinct sexes.
A25: FILTER | B25: FILTER(A5:C9,B5:B9="Female") | C25: =COUNTIF(B5:B9,"Female") -> 2 | D25: Excel 365 filter. Live demo counts matching rows.
A26: LET | B26: LET(g,(40000-30000)/40000,g) | C26: =(40000-30000)/40000 -> 0.25 | D26: Excel 365 names a value once. Live demo shows the gender gap.
A27: Gender gap | B27: (MaleMean - FemaleMean)/MaleMean | C27: =(AVERAGEIFS(C5:C9,B5:B9,"Male")-AVERAGEIFS(C5:C9,B5:B9,"Female"))/AVERAGEIFS(C5:C9,B5:B9,"Male") -> 0.41258741 | D27: Relative wage shortfall.
A28: Unemp rate | B28: Unemployed/(Emp+Unemp) | C28: =2/(8+2) -> 0.2 | D28: Rate within the labour force.
A29: Pivot summary | B29: PivotTable: rows Sex, values Average Wage | C29: =AVERAGEIFS(C5:C9,B5:B9,"Male") -> 47666.667 | D29: A pivot groups and averages. AVERAGEIFS gives the same group mean.

Sheet 10_References
A1: References (APA 7)
A2: Full bibliography with type, level, and verification status. Live means checked against a primary record this session. Standard means a canonical work pending a recheck. Own is the author project.
A3: Key | B3: APA 7 citation | C3: Type | D3: Level | E3: Status | F3: Link
A4: Atkinson 1970 | B4: Atkinson, A. B. (1970). On the measurement of inequality. Journal of Economic Theory, 2(3), 244-263. | C4: Journal | D4: Global | E4: Standard | F4: JET 2(3)
A5: Blinder 1973 | B5: Blinder, A. S. (1973). Wage discrimination: Reduced form and structural estimates. Journal of Human Resources, 8(4), 436-455. | C5: Journal | D5: Global | E5: Live | F5: JHR 8(4)
A6: ILO 2018 | B6: International Labour Organization. (2018). Women and men in the informal economy: A statistical picture (3rd ed.). ILO. | C6: Report | D6: Global | E6: Live | F6: ilo.org
A7: ILO 2019 | B7: International Labour Organization. (2019). Global wage report 2018/19: What lies behind gender pay gaps. ILO. | C7: Report | D7: Global | E7: Live | F7: ilo.org
A8: Mincer 1974 | B8: Mincer, J. (1974). Schooling, experience, and earnings. National Bureau of Economic Research. | C8: Book | D8: Global | E8: Live | F8: NBER
A9: MoSPI 2024 | B9: Ministry of Statistics and Programme Implementation. (2024). Periodic Labour Force Survey (PLFS) annual report. Government of India. | C9: Report | D9: National | E9: Live | F9: mospi.gov.in
A10: NCEUS 2009 | B10: National Commission for Enterprises in the Unorganised Sector. (2009). The challenge of employment in India: An informal economy perspective. Government of India. | C10: Report | D10: National | E10: Live | F10: gov.in
A11: Oaxaca 1973 | B11: Oaxaca, R. (1973). Male-female wage differentials in urban labor markets. International Economic Review, 14(3), 693-709. | C11: Journal | D11: Global | E11: Live | F11: IER 14(3)
A12: Rani 2024 | B12: Rani, R. (2024). Earnings inequality in India: A multivariate analysis of PLFS microdata [Course research project]. Tata Institute of Social Sciences, Mumbai. | C12: Project | D12: National | E12: Own | F12: TISS
A13: Theil 1967 | B13: Theil, H. (1967). Economics and information theory. North-Holland. | C13: Book | D13: Global | E13: Live | F13: North-Holland
A15: Total references | C15: =COUNTA(A4:A13) -> 10
A16: Live verified | C16: =COUNTIF(E4:E13,"Live") -> 8

Sheet 11_Final_Summary
A1: Final Summary - Project 4
A2: One page status. Figures link live to the labour engine. Reference counts link to the references sheet.
A4: Project | B4: Labour Market Intelligence Dashboard
A5: Core question | B5: How do labour outcomes and the wage gap vary across groups
A6: Primary data | B6: PLFS microdata (MoSPI), ILO global frame
A9: Engine results (illustrative sample) | C9: Value
A10: LFPR | C10: ='05_Labour_Engine'!L7 -> 0.93333333
A11: Unemployment rate | C11: ='05_Labour_Engine'!L9 -> 0.14935065
A12: Gender wage gap | C12: ='05_Labour_Engine'!L12 -> 0.39583333
A13: Informal share (employed) | C13: ='05_Labour_Engine'!L13 -> 0.5
A14: Wage Gini (employed) | C14: ='05_Labour_Engine'!P17 -> #VALUE!
A16: Evidence base | C16: Count
A17: Total references | C17: =COUNTA('10_References'!A4:A13) -> 10
A18: Live verified | C18: =COUNTIF('10_References'!E4:E13,"Live") -> 8
A19: Sources included (PRISMA) | C19: ='06_PRISMA'!B11 -> 10
A21: Status checklist
A22: Search logged | C22: Done
A23: Screening complete | C23: Done
A24: Extraction complete | C24: Done
A25: Cleaning logged | C25: Done
A26: Labour engine computing | C26: Done
A27: Gini computed | C27: Done
A28: PRISMA consistent | C28: Done
A29: Bibliometric done | C29: Done
A30: N gram done | C30: Done
A31: References verified | C31: Done
